<?xml version="1.0" encoding="UTF-8"?>
<project-private xmlns="http://www.netbeans.org/ns/project-private/1">
    <editor-bookmarks xmlns="http://www.netbeans.org/ns/editor-bookmarks/2" lastBookmarkId="0"/>
    <open-files xmlns="http://www.netbeans.org/ns/projectui-open-files/2">
        <group>
            <file>file:/C:/xampp/htdocs/project_iwt/usersideindex.php</file>
            <file>file:/C:/xampp/htdocs/project_iwt/newfeedback.php</file>
            <file>file:/C:/xampp/htdocs/project_iwt/itineary.php</file>
            <file>file:/C:/xampp/htdocs/project_iwt/hotel_booking.php</file>
            <file>file:/C:/xampp/htdocs/project_iwt/package.php</file>
            <file>file:/C:/xampp/htdocs/project_iwt/pack_booking.php</file>
            <file>file:/C:/xampp/htdocs/project_iwt/addpack.php</file>
            <file>file:/C:/xampp/htdocs/project_iwt/controllers/sendEmails.php</file>
            <file>file:/C:/xampp/htdocs/project_iwt/signup.php</file>
            <file>file:/C:/xampp/htdocs/project_iwt/controllers/authController.php</file>
        </group>
    </open-files>
</project-private>
